Rank,Ticker,Name,Inception_Date,Avg_Daily_Volume,Avg_Daily_Dollar_Volume,AUM,Last_Close,Asset_Class,Volume_Rank,Dollar_Volume_Rank,AUM_Rank
1,SPY,State Street SPDR S&P 500 ETF Trust,1993-01-22,86842966,58876602185,698270220288,634.09,US Equity,5,1,4
2,QQQ,Invesco QQQ Trust,1999-03-10,63867303,38739483592,395032887296,562.58,US Equity,8,2,7
3,IWM,iShares Russell 2000 ETF,2000-05-22,43823585,11250771805,73953288192,243.1,US Equity,15,3,36
4,GLD,SPDR Gold Shares,2004-11-18,19210116,8604324072,184864325632,414.7,Commodity,40,4,12
5,SLV,iShares Silver Trust,2006-04-21,105214503,8325842221,46246498304,63.44,Commodity,2,5,62
6,IVV,iShares Core S&P 500 ETF,2000-05-15,9124037,6198638295,750651899904,636.99,US Equity,83,7,3
7,LQD,iShares iBoxx $ Investment Grade Corporate Bond ETF,2002-07-22,40264426,4421775253,31986212864,107.62,Fixed Income,17,10,88
8,HYG,iShares iBoxx $ High Yield Corporate Bond ETF,2007-04-04,49245198,3938056902,16744919040,78.72,Fixed Income,13,11,138
9,RSP,Invesco S&P 500 Equal Weight ETF,2003-04-24,19300882,3821403948,90676928512,188.46,US Equity,39,12,26
10,TLT,iShares 20+ Year Treasury Bond ETF,2002-07-22,41841371,3664821847,45428621312,85.64,Fixed Income,16,14,63
11,DIA,State Street SPDR Dow Jones Industrial Average ETF Trust,1998-01-13,6971698,3367771944,44270592000,451.39,US Equity,97,16,66
12,XLE,State Street Energy Select Sector SPDR ETF,1998-12-16,57005673,3034514470,37876244480,62.56,US Equity,9,17,78
13,GDX,VanEck Gold Miners ETF,2006-05-16,30004156,2919127705,36500402176,85.79,Commodity,21,18,80
14,XLF,State Street Financial Select Sector SPDR ETF,1998-12-16,54336853,2814873388,49680445440,47.81,US Equity,11,20,54
15,USO,"United States Oil Fund, LP",2006-04-10,26718047,2771261524,1136775552,124.2,Commodity,24,21,543
16,XLK,State Street Technology Select Sector SPDR ETF,1998-12-16,19375124,2727887116,87685668864,129.92,US Equity,38,22,28
17,EEM,iShares MSCI Emerging Markets ETF,2003-04-07,44642410,2625127684,30140446720,55.2,International Equity,14,23,92
18,EWY,iShares MSCI South Korea ETF,2000-05-09,19174973,2469503784,17952391168,120.98,International Equity,41,24,132
19,EFA,iShares MSCI EAFE ETF,2001-08-14,24187135,2412874381,77836582912,93.8,International Equity,27,25,34
20,SOXX,iShares Semiconductor ETF,2001-07-10,7081158,2409657064,21675081728,323.48,US Equity,95,26,114
21,XLI,State Street Industrial Select Sector SPDR ETF,1998-12-16,13211684,2215915968,31647199232,159.2,US Equity,57,27,90
22,XLV,State Street Health Care Select Sector SPDR ETF,1998-12-16,14375116,2209810176,43115044864,143.26,US Equity,52,28,70
23,VTI,Vanguard Total Stock Market Index Fund ETF Shares,2001-05-24,6527473,2188846230,2088924610560,313.09,US Equity,103,29,1
24,XLP,State Street Consumer Staples Select Sector SPDR ETF,1998-12-16,21273911,1787222102,17557141504,81.78,US Equity,32,30,133
25,IGV,iShares Expanded Tech-Software Sector ETF,2001-07-10,20514068,1743001222,9197243392,76.89,US Equity,34,31,216
26,AGQ,ProShares Ultra Silver,2008-12-01,8798661,1715442658,2890854400,103.43,Leveraged/Inverse,84,32,382
27,IAU,iShares Gold Trust,2005-01-21,17133385,1576428342,83820666880,84.95,Commodity,47,35,31
28,IWF,iShares Russell 1000 Growth ETF,2000-05-22,3245382,1470435437,116506607616,412.81,US Equity,184,36,21
29,EWZ,iShares MSCI Brazil ETF,2000-07-10,38024685,1398164455,9654647808,36.63,International Equity,18,39,207
30,VEA,Vanguard FTSE Developed Markets Index Fund ETF Shares,2007-07-20,20994994,1381824342,307323502592,62.05,International Equity,33,40,9
31,FXI,iShares China Large-Cap ETF,2004-10-05,35505877,1351783672,6211959296,34.85,International Equity,20,41,278
32,KRE,State Street SPDR S&P Regional Banking ETF,2006-06-19,19983713,1344706164,3919334656,63.37,US Equity,35,42,331
33,XLY,State Street Consumer Discretionary Select Sector SPDR ETF,1998-12-16,11258984,1315154254,22737530880,105.68,US Equity,64,43,110
34,IJH,iShares Core S&P Mid-Cap ETF,2000-05-22,17720623,1227083715,111657140224,66.11,US Equity,43,45,22
35,XLU,State Street Utilities Select Sector SPDR ETF,1998-12-16,27421706,1223347072,24356755456,45.59,US Equity,22,46,105
36,XBI,State Street SPDR S&P Biotech ETF,2006-01-31,9592898,1195658442,8055643136,119.59,US Equity,80,47,238
37,SPLG,State Street SPDR Portfolio S&P 500 ETF,2005-11-08,14339681,1137502739,97328324608,74.64,US Equity,53,49,23
38,EMB,iShares J.P. Morgan USD Emerging Markets Bond ETF,2007-12-17,10883544,1039643070,16457582592,92.95,Fixed Income,67,51,139
39,IEF,iShares 7-10 Year Treasury Bond ETF,2002-07-22,10711965,1027044231,48742821888,94.6,Fixed Income,69,52,57
40,AGG,iShares Core U.S. Aggregate Bond ETF,2003-09-22,10149903,1011445761,141223149568,98.54,Fixed Income,73,53,17
41,ITOT,iShares Core S&P Total U.S. Stock Market ETF,2004-01-20,6566589,972123165,82422431744,138.94,US Equity,102,54,33
42,XOP,State Street SPDR S&P Oil & Gas Exploration & Production ETF,2006-06-19,5114680,947852498,2690202624,185.32,Commodity,133,55,388
43,VTV,Vanguard Value Index Fund ETF Shares,2004-01-26,4722761,940075388,238547156992,193.35,US Equity,143,56,10
44,BIL,State Street SPDR Bloomberg 1-3 Month T-Bill ETF,2007-05-25,10065660,918724190,43266318336,91.63,Fixed Income,76,57,68
45,EWJ,iShares MSCI Japan ETF,1996-03-12,10334711,896765001,20311529472,81.43,International Equity,71,60,118
46,IWD,iShares Russell 1000 Value ETF,2000-05-22,4063806,884403898,71032512512,210.05,US Equity,156,61,37
47,XLB,State Street Materials Select Sector SPDR ETF,1998-12-16,17443527,871813306,7245534208,48.91,US Equity,46,62,252
48,VUG,Vanguard Growth Index Fund ETF Shares,2004-01-26,1808198,847131341,335907094528,422.37,US Equity,244,64,8
49,IJR,iShares Core S&P Small-Cap ETF,2000-05-22,6673687,844862696,95756566528,121.75,US Equity,99,65,24
50,ACWI,iShares MSCI ACWI ETF,2008-03-26,5861698,843391037,29157464064,134.55,International Equity,118,66,94
51,IYR,iShares U.S. Real Estate ETF,2000-06-12,8196131,795548578,4201901568,92.61,Real Estate,89,69,320
52,VT,Vanguard Total World Stock Index Fund ETF Shares,2008-06-24,5752360,784851998,83530907648,136.44,International Equity,120,71,32
53,MDY,State Street SPDR S&P MIDCAP 400 ETF Trust,1995-05-04,1232335,775929902,25645647872,603.8,US Equity,296,72,100
54,VWO,Vanguard Emerging Markets Stock Index Fund,2005-03-04,13280777,741970809,158398922752,52.49,International Equity,55,73,15
55,BND,Vanguard Total Bond Market Index Fund,2007-04-03,9894792,731561862,395346083840,73.11,Fixed Income,78,74,6
56,SPXL,Direxion Daily S&P500 Bull 3X Shares,2008-11-05,3167934,674002497,5575162880,172.05,Leveraged/Inverse,185,77,287
57,IWB,iShares Russell 1000 ETF,2000-05-15,1747656,647369947,46314070016,347.95,US Equity,249,78,60
58,SPYG,State Street SPDR Portfolio S&P 500 Growth ETF,2000-09-25,6048727,628838905,43885359104,94.81,US Equity,116,80,67
59,IVW,iShares S&P 500 Growth ETF,2000-05-22,5085587,609962547,64168800256,109.59,US Equity,134,81,45
60,TNA,Direxion Daily Small Cap Bull 3X Shares,2008-11-05,11413094,578664179,1555849728,41.8,Leveraged/Inverse,63,82,487
61,QID,ProShares UltraShort QQQ,2006-07-11,26907476,547512349,320226816,23.92,Leveraged/Inverse,23,84,763
62,JNK,State Street SPDR Bloomberg High Yield Bond ETF,2007-11-28,5676134,545967901,7783684096,94.66,Fixed Income,124,85,242
63,SPXS,Direxion Daily S&P 500 Bear 3X Shares,2008-11-05,13781203,501831274,377063488,43.81,Leveraged/Inverse,54,91,737
64,OEF,iShares S&P 100 ETF,2000-10-23,1487071,490174680,28609699840,309.14,US Equity,272,92,95
65,XRT,State Street SPDR S&P Retail ETF,2006-06-19,5682793,454396128,683119040,79.96,US Equity,122,98,635
66,UGL,ProShares Ultra Gold,2008-12-01,6276555,438648492,1459693440,57.15,Leveraged/Inverse,109,99,495
67,EWT,iShares MSCI Taiwan ETF,2000-06-20,6187327,436405519,8794449920,69.49,International Equity,113,100,223
68,MUB,iShares National Muni Bond ETF,2007-09-07,3961890,424431583,43211128832,105.64,Fixed Income,161,102,69
69,SHY,iShares 1-3 Year Treasury Bond ETF,2002-07-22,5137360,424027063,24914546688,82.39,Fixed Income,131,103,103
70,SH,ProShares Short S&P500,2006-06-19,11090081,403533332,1043574400,38.89,Leveraged/Inverse,65,106,560
71,PSQ,ProShares Short QQQ,2006-06-19,12688502,386532800,639886528,33.04,Leveraged/Inverse,59,110,649
72,VNQ,Vanguard Real Estate Index Fund ETF Shares,2004-09-23,4326363,379508562,69605638144,87.72,Real Estate,151,113,40
73,VGT,Vanguard Information Technology Index Fund ETF Shares,2004-01-26,538255,374647010,126508539904,696.04,US Equity,418,115,18
74,QLD,ProShares Ultra QQQ,2006-06-19,5449595,371720130,9864152064,58.05,Leveraged/Inverse,128,116,204
75,VEU,Vanguard FTSE All-World ex-US Index Fund ETF Shares,2007-03-02,4516505,349782770,90608525312,72.82,International Equity,149,120,27
76,XME,State Street SPDR S&P Metals & Mining ETF,2006-06-19,2952358,345588497,4624066048,105.94,Commodity,193,121,308
77,VIG,Vanguard Dividend Appreciation Index Fund ETF Shares,2006-04-21,1608109,343149555,123750858752,213.39,US Equity,263,122,19
78,VGK,Vanguard FTSE Europe ETF,2005-03-04,4004106,320969137,40994160640,80.16,International Equity,158,125,72
79,SHV,iShares 0–1 Year Treasury Bond ETF,2007-01-05,2907327,319623370,20244172800,110.36,Fixed Income,197,127,120
80,IBB,iShares Biotechnology ETF,2001-02-05,1864252,318807674,8784036864,160.41,US Equity,237,129,224
81,IYW,iShares U.S. Technology ETF,2000-05-15,1653290,316909572,19390492672,176.09,US Equity,258,130,122
82,TIP,iShares TIPS Bond ETF,2003-12-04,2815274,311415024,14353089536,109.67,Fixed Income,199,132,156
83,ITB,iShares U.S. Home Construction ETF,2006-05-01,2971644,305708337,2804285952,88.91,US Equity,191,134,384
84,IWR,iShares Russell Mid-Cap ETF,2001-07-17,3037442,301054646,49603129344,95.41,US Equity,189,135,55
85,ITA,iShares U.S. Aerospace & Defense ETF,2006-05-01,1258169,294407445,16010935296,216.04,US Equity,293,137,143
86,XHB,State Street SPDR S&P Homebuilders ETF,2006-01-31,2617802,288934146,1857374592,96.5,US Equity,205,140,440
87,MBB,iShares MBS ETF,2007-03-13,2968803,282473354,39822569472,94.12,Fixed Income,192,143,74
88,UCO,ProShares Ultra Bloomberg Crude Oil,2008-11-24,8467400,273883608,419550912,42.06,Leveraged/Inverse,88,144,712
89,IEI,iShares 3-7 Year Treasury Bond ETF,2007-01-05,2264087,269227113,18538127360,117.96,Fixed Income,219,146,127
90,SSO,ProShares Ultra S&P500,2006-06-19,4708685,268119984,6769420800,49.38,Leveraged/Inverse,144,148,262
91,SPDW,State Street SPDR Portfolio Developed World ex-US ETF,2007-04-20,5681810,266293676,38817259520,44.27,International Equity,123,149,76
92,VYM,Vanguard High Dividend Yield Index Fund ETF Shares,2006-11-10,1780627,265747080,92321120256,145.7,Fixed Income,247,150,25
93,EFG,iShares MSCI EAFE Growth ETF,2005-08-01,2302990,265379669,10144501760,107.61,International Equity,218,151,200
94,XLG,Invesco S&P 500 Top 50 ETF,2005-05-04,4628531,265088143,11469799424,52.92,US Equity,148,153,185
95,IVE,iShares S&P 500 Value ETF,2000-05-22,1221766,263233756,50626453504,207.57,US Equity,298,155,50
96,EFV,iShares MSCI EAFE Value ETF,2005-08-01,3476239,259964523,31468883968,71.87,International Equity,179,157,91
97,SDS,ProShares UltraShort S&P500,2006-07-11,3705534,256930979,383062912,79.27,Leveraged/Inverse,169,159,732
98,VO,Vanguard Mid-Cap Index Fund ETF Shares,2004-01-26,871924,249573422,210339921920,286.23,US Equity,352,160,11
99,UNG,"United States Natural Gas Fund, LP",2007-04-18,19575152,247164238,422751136,12.28,Commodity,36,161,709
100,BSV,Vanguard Short-Term Bond Index Fund ETF Shares,2007-04-03,3059011,239995164,69992046592,78.14,Fixed Income,188,164,39
101,MGK,Vanguard Mega Cap Growth Index Fund,2007-12-17,596950,236266998,29308968960,355.33,US Equity,401,168,93
102,SPYV,State Street SPDR Portfolio S&P 500 Value ETF,2000-09-25,3986960,229695803,33139804160,55.59,US Equity,160,172,86
103,ACWX,iShares MSCI ACWI ex U.S. ETF,2008-03-26,3150660,221510702,9512109056,66.33,International Equity,186,175,209
104,IGSB,iShares 1-5 Year Investment Grade Corporate Bond ETF,2007-01-05,4158623,218845973,22609162240,52.31,Fixed Income,153,176,111
105,VB,Vanguard Small-Cap Index Fund ETF Shares,2004-01-26,779027,210015808,173790887936,256.27,US Equity,372,177,14
106,SPTL,State Street SPDR Portfolio Long Term Treasury ETF,2007-05-23,7454765,197777822,11238976512,25.98,Fixed Income,94,182,187
107,IGIB,iShares 5-10 Year Investment Grade Corporate Bond ETF,2007-01-05,3504206,187693349,18285447168,52.66,Fixed Income,178,185,130
108,BIV,Vanguard Intermediate-Term Bond Index Fund,2007-04-03,2360365,183045763,52722913280,76.52,Fixed Income,213,187,49
109,IWO,iShares Russell 2000 Growth ETF,2000-07-24,540266,179859923,13141148672,307.37,US Equity,416,188,168
110,VPL,Vanguard FTSE Pacific Index Fund ETF Shares,2005-03-04,1844437,176401955,13893573632,95.64,International Equity,242,191,161
111,SPEM,State Street SPDR Portfolio Emerging Markets ETF,2007-03-19,3547056,172317978,17425573888,45.57,International Equity,174,193,134
112,EWC,iShares MSCI Canada ETF,1996-03-12,3084847,171408511,4482914304,53.63,International Equity,187,194,311
113,EWA,iShares MSCI Australia ETF,1996-03-12,6044371,170326962,1437794304,27.21,International Equity,117,195,500
114,USIG,iShares Broad USD Investment Grade Corporate Bond ETF,2007-01-05,3283090,169262630,16993595392,50.71,Fixed Income,181,196,135
115,FEZ,State Street SPDR EURO STOXX 50 ETF,2002-10-15,2489293,161414107,5392984064,59.79999923706055,US Equity,211,200,294
116,VDE,Vanguard Energy Index Fund ETF Shares,2004-09-23,1037676,157094913,11324698624,176.95,US Equity,320,201,186
117,TLH,iShares 10-20 Year Treasury Bond ETF,2007-01-05,1507905,153190105,12852487168,99.47,Fixed Income,270,204,172
118,IWN,iShares Russell 2000 Value ETF,2000-07-24,789160,151856334,12911617024,186.49,US Equity,370,205,170
119,EWW,iShares MSCI Mexico ETF,1996-03-12,1991598,150720744,2596836608,72.11,International Equity,227,208,392
120,ILF,iShares Latin America 40 ETF,2001-10-25,4328938,150570109,4392334848,33.880001068115234,International Equity,150,209,315
121,VV,Vanguard Large Cap Index Fund,2004-01-27,481597,150103218,67166892032,291.34,US Equity,443,210,42
122,TECL,Direxion Daily Technology Bull 3X Shares,2008-12-17,1412971,149079175,3294610176,81.42,Leveraged/Inverse,279,212,361
123,SPHQ,Invesco S&P 500 Quality ETF,2005-12-06,1912424,148142804,16788558848,74.11,US Equity,231,214,137
124,FDN,First Trust Dow Jones Internet Index Fund,2006-06-19,600318,148125104,5439562752,226.78,US Equity,400,215,291
125,KBE,State Street SPDR S&P Bank ETF,2005-11-08,2310337,142316171,1349945728,57.88,US Equity,217,218,512
126,SCZ,iShares MSCI EAFE Small-Cap ETF,2007-12-10,1720658,139655276,14606545920,75.97,International Equity,252,221,155
127,EZU,iShares MSCI Eurozone ETF,2000-07-25,2138079,138940130,10176237568,60.25,International Equity,222,222,199
128,IWP,iShares Russell Mid-Cap Growth ETF,2001-07-17,1011344,136859849,20003692544,124.94,US Equity,324,224,121
129,EWH,iShares MSCI Hong Kong ETF,1996-03-12,5621390,129661924,779529536,22.38,International Equity,126,232,603
130,FAS,Direxion Daily Financial Bull 3X Shares,2008-11-06,906803,126520793,2055996544,107.91,Leveraged/Inverse,346,234,423
131,IHI,iShares U.S. Medical Devices ETF,2006-05-01,2148000,125620255,3629292288,53.18,US Equity,221,237,343
132,PFF,iShares Preferred and Income Securities ETF,2007-03-26,3816244,119022307,14085473280,30.16,Fixed Income,167,239,159
133,IWV,iShares Russell 3000 ETF,2000-05-22,306232,118074507,18524319744,361.62,US Equity,509,240,128
134,EWU,iShares MSCI United Kingdom ETF,1996-03-12,2333295,107453540,3240832512,44.12,International Equity,216,247,364
135,EWG,iShares MSCI Germany ETF,1996-03-12,2527550,106133653,1793942016,38.08,International Equity,209,250,449
136,IYE,iShares U.S. Energy ETF,2000-06-12,1862474,104874088,1443520896,66.2,US Equity,238,254,497
137,AAXJ,iShares MSCI All Country Asia ex Japan ETF,2008-08-13,1047273,104625424,3957230848,94.0,International Equity,317,255,328
138,VXF,Vanguard Extended Market Index Fund ETF Shares,2001-12-27,479735,102095955,85111414784,201.0,US Equity,444,258,30
139,DXJ,WisdomTree Japan Hedged Equity Fund,2006-06-16,637219,100221790,6670535680,154.68,International Equity,391,260,264
140,IGM,iShares Expanded Tech Sector ETF,2001-03-13,761552,95400197,8180109824,115.25,US Equity,375,265,236
141,SPAB,State Street SPDR Portfolio Aggregate Bond ETF,2007-05-23,3618361,92977095,9258687488,25.42,Fixed Income,170,270,213
142,KIE,State Street SPDR S&P Insurance ETF,2005-11-08,1694424,92905268,409981632,54.83,US Equity,254,271,719
143,VFH,Vanguard Financials Index Fund ETF Shares,2004-01-26,754311,90509777,13886835712,119.99,US Equity,376,276,162
144,ICLN,iShares Global Clean Energy ETF,2008-06-24,4964179,90202533,2121759232,17.85,US Equity,136,279,418
145,SPTM,State Street SPDR Portfolio S&P 1500 Composite Stock Market ETF,2000-10-04,1089566,89438390,12244320256,77.16,US Equity,311,283,176
146,VBR,Vanguard Small-Cap Value Index Fund ETF Shares,2004-01-26,401194,89034741,64184619008,213.14,US Equity,466,284,44
147,NLR,VanEck Uranium and Nuclear ETF,2007-08-13,612318,88318206,4933019136,130.13,Commodity,394,286,300
148,EDV,Vanguard Extended Duration Treasury Index Fund ETF Shares,2007-12-06,1274169,83976695,4723133952,63.97,Fixed Income,291,295,307
149,IWS,iShares Russell Mid-Cap Value ETF,2001-07-17,561616,82658216,15280336896,143.19,US Equity,408,299,151
150,DVY,iShares Select Dividend ETF,2003-11-03,555769,82567116,22861381632,149.5,US Equity,409,300,109
151,VBK,Vanguard Small-Cap Growth Index Fund ETF Shares,2004-01-26,256148,80665207,40932110336,294.89,US Equity,540,301,73
152,SPTI,State Street SPDR Portfolio Intermediate Term Treasury ETF,2007-05-23,2691485,77285648,9615588352,28.47,Fixed Income,203,303,208
153,VOT,Vanguard Mid-Cap Growth Index Fund ETF Shares,2006-08-17,251524,69053274,31721480192,252.3300018310547,US Equity,543,310,89
154,BLV,Vanguard Long-Term Bond Fund,2007-04-03,993239,69050811,8832206848,67.78,Fixed Income,330,311,222
155,IYZ,iShares U.S. Telecommunications ETF,2000-05-22,1811821,68261133,775106688,39.47,Fixed Income,243,313,605
156,IGF,iShares Global Infrastructure ETF,2007-12-10,986234,65466213,10271698944,66.38,US Equity,335,319,197
157,SUB,iShares Short-Term National Muni Bond ETF,2008-11-05,601785,64245947,10874490880,106.42,Leveraged/Inverse,398,320,190
158,IDV,iShares International Select Dividend ETF,2007-06-11,1504626,63099779,8294401024,41.15,International Equity,271,324,232
159,VHT,Vanguard Health Care Index Fund ETF Shares,2004-01-26,232459,62861563,20252338176,270.42,US Equity,550,325,119
160,FDL,First Trust Morningstar Dividend Leaders Index Fund,2006-03-09,1236342,62212729,7236008448,50.32,US Equity,295,327,253
161,VOE,Vanguard Mid-Cap Value Index Fund ETF Shares,2006-08-17,319495,59312692,36452311040,181.97000122070312,US Equity,503,331,81
162,AIA,iShares Asia 50 ETF,2007-11-13,539982,58811720,3220365056,103.52999877929688,US Equity,417,332,367
163,VPU,Vanguard Utilities Index Fund ETF Shares,2004-01-26,298698,58520912,11029460992,195.92,US Equity,514,333,188
164,IYH,iShares U.S. Healthcare ETF,2000-06-12,894508,57620068,3375848448,60.06,US Equity,351,334,357
165,IYF,iShares U.S. Financials ETF,2000-05-22,453600,55902879,3784946176,113.98,US Equity,449,335,335
166,PPA,Invesco Aerospace & Defense ETF,2005-10-26,315790,55283498,8241184768,164.38,US Equity,505,339,235
167,QTEC,First Trust NASDAQ-100-Technology Sector Index Fund,2006-04-19,236250,54060344,2856523008,209.58,US Equity,547,341,383
168,IYT,iShares Transportation Average ETF,2003-10-06,695460,51255402,1218440192,73.7,US Equity,382,349,534
169,FVD,First Trust Value Line Dividend Index Fund,2003-08-19,1065306,50657432,8712676352,46.36,US Equity,315,353,226
170,IJS,iShares S&P Small-Cap 600 Value ETF,2000-07-24,425480,50553869,7580123136,116.54000091552734,US Equity,461,354,245
171,ECH,iShares MSCI Chile ETF,2007-11-12,1138066,48748697,1227147648,38.88,International Equity,306,359,528
172,FTCS,First Trust Capital Strength ETF,2006-07-06,496708,47363916,8447982080,91.46,US Equity,438,361,228
173,GSY,Invesco Ultra Short Duration ETF,2008-02-12,924563,46185446,3416156928,50.09,Fixed Income,344,364,354
174,VDC,Vanguard Consumer Staples Index Fund ETF Shares,2004-01-26,194879,44367388,9866492928,223.18,US Equity,577,369,203
175,PGX,Invesco Preferred ETF,2008-01-31,3939082,44149960,3968464128,10.89,Fixed Income,162,370,327
176,EWL,iShares MSCI Switzerland ETF,1996-03-12,717345,43444239,1751320576,56.98,International Equity,379,374,455
177,IXC,iShares Global Energy ETF,2001-11-12,849024,43131947,2221479936,58.2599983215332,International Equity,355,376,411
178,SDY,State Street SPDR S&P Dividend ETF,2005-11-08,293466,43002408,22071803904,144.41,US Equity,516,377,112
179,ERX,Direxion Daily Energy Bull 2X Shares,2008-11-06,531689,42832873,314596704,107.82,Leveraged/Inverse,424,378,767
180,MGV,Vanguard Mega Cap Value Index Fund,2007-12-17,282730,41554492,11986845696,142.75,US Equity,525,381,179
181,FXU,First Trust Utilities AlphaDEX Fund,2007-05-08,847195,41436307,851502144,48.91,US Equity,356,382,588
182,VOX,Vanguard Communication Services Index Fund ETF Shares,2004-09-23,232950,41069085,6322950656,176.3,Fixed Income,549,385,276
183,FBT,First Trust NYSE Arca Biotechnology Index Fund,2006-06-19,206542,40699101,2380598016,197.05,US Equity,569,387,403
184,UWM,ProShares Ultra Russell2000,2007-01-23,788465,40399112,282500864,44.96,Leveraged/Inverse,371,389,786
185,EPI,WisdomTree India Earnings Fund,2008-02-22,992142,40013087,2650530560,40.33,International Equity,331,391,389
186,MGC,Vanguard Mega Cap Index Fund,2007-12-17,156871,38822128,10336312320,230.07,US Equity,608,394,195
187,EWP,iShares MSCI Spain ETF,1996-03-12,704456,38597984,1898224640,51.96,International Equity,380,395,438
188,IXJ,iShares Global Healthcare ETF,2001-11-13,369970,36535177,4200958720,91.18000030517578,International Equity,479,399,321
189,RWR,State Street SPDR Dow Jones REIT ETF,2001-04-23,349948,35971737,1690386432,99.25,Real Estate,488,402,466
190,IJK,iShares S&P Mid-Cap 400 Growth ETF,2000-07-24,336533,34383313,9900657664,98.52999877929688,US Equity,497,406,202
191,IXN,iShares Global Tech ETF,2001-11-12,316930,33576295,6524382208,97.44000244140625,International Equity,504,408,269
192,IYM,iShares U.S. Basic Materials ETF,2000-06-12,195211,33458255,1481536640,170.92,US Equity,576,409,491
193,PBW,Invesco WilderHill Clean Energy ETF,2005-03-03,1003584,33442087,563890432,31.09,US Equity,327,411,673
194,FCG,First Trust Natural Gas ETF,2007-05-08,1221630,33181358,598981824,32.7400016784668,Commodity,299,413,660
195,GSG,iShares S&P GSCI Commodity-Indexed Trust,2006-07-10,1203161,33052021,806140864,32.05,Commodity,300,415,595
196,RWL,Invesco S&P 500 Revenue ETF,2008-02-19,277964,32790452,8254246400,112.80999755859375,US Equity,529,417,233
197,VIS,Vanguard Industrials Index Fund ETF Shares,2004-09-23,105337,32777714,8128404480,311.17,US Equity,674,418,237
198,IYK,iShares US Consumer Staples ETF,2000-06-12,430048,31028463,1339273856,69.7,US Equity,458,425,513
199,FXN,First Trust Energy AlphaDEX Fund,2007-05-08,1353283,30963115,329563040,22.88,US Equity,284,426,755
200,ONEQ,Fidelity Nasdaq Composite Index ETF,2003-09-25,340053,30502700,9013280768,82.49,US Equity,494,427,219
201,MOO,VanEck Agribusiness ETF,2007-08-31,364326,29821816,1037387712,82.65,Commodity,480,433,562
202,EZA,iShares MSCI South Africa ETF,2003-02-03,400639,29305026,1114560000,64.23,International Equity,468,436,546
203,EPP,iShares MSCI Pacific ex Japan ETF,2001-10-25,533606,28679391,2147079936,51.939998626708984,International Equity,422,441,416
204,AOR,iShares Core 60/40 Balanced Allocation ETF,2008-11-04,432113,28497472,3419617280,63.12,US Equity,457,442,353
205,CMF,iShares California Muni Bond ETF,2007-10-04,494079,28407434,4147450624,56.57,Fixed Income,439,443,324
206,EWI,iShares MSCI Italy ETF,1996-03-12,513155,28031226,676846912,51.1,International Equity,431,445,637
207,IYJ,iShares U.S. Industrials ETF,2000-06-12,176324,27313528,2398224128,144.65,US Equity,587,446,401
208,DBC,Invesco DB Commodity Index Tracking Fund,2006-02-03,1059748,27282926,1403465984,29.1,Commodity,316,447,503
209,IAI,iShares U.S. Broker-Dealers & Securities Exchanges ETF,2006-05-01,153302,26902443,1673512320,158.28,US Equity,614,450,470
210,EWS,iShares MSCI Singapore ETF,1996-03-12,956232,26873485,794712768,27.58,International Equity,339,451,599
211,FXO,First Trust Financials AlphaDEX Fund,2007-05-08,469313,26168893,1235442176,55.76,US Equity,448,455,526
212,DDM,ProShares Ultra Dow30,2006-06-19,444069,25433592,509179392,49.49,Leveraged/Inverse,454,460,687
213,SLYV,State Street SPDR S&P 600 Small Cap Value ETF,2000-09-25,262710,25182467,4333981184,93.06,US Equity,536,461,316
214,PRF,Invesco RAFI US 1000 ETF,2005-12-19,517963,25062644,9044963328,46.66,US Equity,429,463,218
215,BWX,SPDR Bloomberg International Treasury Bond ETF,2007-10-02,1085784,24574951,1682155264,21.73,Fixed Income,313,467,469
216,WTV,WisdomTree U.S. Value Fund,2007-02-23,259472,24548646,2557027840,94.61,US Equity,538,468,394
217,VAW,Vanguard Materials Index Fund ETF Shares,2004-01-26,99071,22534336,4733258240,219.76,US Equity,684,472,306
218,GVI,iShares Intermediate Government/Credit Bond ETF,2007-01-05,208112,22279212,3914013440,106.16000366210938,Fixed Income,567,474,332
219,DBA,Invesco DB Agriculture Fund,2007-01-05,824581,21882569,746170176,27.17,Commodity,360,475,618
220,VCR,Vanguard Consumer Discretionary Index Fund ETF Shares,2004-01-26,56847,21750589,6681299456,348.05,US Equity,751,476,263
221,FXE,Invesco CurrencyShares Euro Currency Trust,2005-12-09,201131,21697100,457457088,106.31,Currency,573,477,698
222,IYC,iShares US Consumer Discretionary ETF,2000-06-12,207442,21185405,1300571392,94.23,US Equity,568,480,517
223,EWQ,iShares MSCI France ETF,1996-03-12,470111,21109506,383312288,41.87,International Equity,447,481,731
224,IOO,iShares Global 100 ETF,2000-12-05,164938,20894994,8036120064,117.26000213623047,International Equity,597,483,239
225,TFI,State Street SPDR Nuveen ICE Municipal Bond ETF,2007-09-11,449253,20509597,3059700480,45.1,Fixed Income,452,484,373
226,EIS,iShares MSCI Israel ETF,2008-03-26,166882,20078406,848700672,113.89,International Equity,594,488,589
227,REM,iShares Mortgage Real Estate Capped ETF,2007-05-01,899927,20060320,589397632,20.53,Real Estate,347,489,665
228,IGE,iShares North American Natural Resources ETF,2001-10-22,334713,19745261,909746560,63.03,Commodity,498,492,574
229,RPV,Invesco S&P 500 Pure Value ETF,2006-03-01,183242,19734352,1767977856,106.18,US Equity,584,493,453
230,IEV,iShares Europe ETF,2000-07-25,274793,19437187,1777297280,65.4800033569336,US Equity,531,497,452
231,IAT,iShares U.S. Regional Banks ETF,2006-05-01,340560,19000083,598561024,52.13,US Equity,493,500,661
232,SHM,State Street SPDR Nuveen ICE Short Term Municipal Bond ETF,2007-10-10,390816,18767613,3518777344,47.79,Leveraged/Inverse,471,503,348
233,DSI,iShares ESG MSCI KLD 400 ETF,2006-11-14,145764,18601888,4924602880,117.94999694824219,US Equity,625,505,302
234,SLYG,State Street SPDR S&P 600 Small Cap Growth ETF,2000-09-25,185977,18439074,4167408896,94.3,US Equity,582,506,322
235,PSI,Invesco Semiconductors ETF,2005-06-23,186011,17981452,1323432064,93.21,US Equity,581,511,514
236,IWC,iShares Micro-Cap ETF,2005-08-12,108063,17932718,1287777408,156.63,US Equity,670,512,520
237,DLN,WisdomTree U.S. LargeCap Dividend Fund,2006-06-16,189366,17080556,5879429632,87.66,US Equity,578,515,282
238,DEM,WisdomTree Emerging Markets High Dividend Fund,2007-07-13,343498,16935199,3655137024,48.25,International Equity,491,516,341
239,TUR,iShares MSCI Turkey ETF,2008-03-26,424687,16709996,346330432,37.61,International Equity,462,517,752
240,FXF,Invesco CurrencyShares Swiss Franc Trust,2006-06-21,144448,16378517,565271040,110.56,Currency,629,521,671
241,IEO,iShares U.S. Oil & Gas Exploration & Production ETF,2006-05-01,127375,16230122,520413920,127.42,Commodity,642,522,683
242,IJT,iShares S&P Small-Cap 600 Growth ETF,2000-07-24,105338,15605139,6826246144,141.16000366210938,US Equity,673,528,260
243,RYT,Invesco S&P 500 Equal Weight Technology ETF,2006-11-01,333336,15532819,2898158080,44.33,US Equity,499,529,381
244,RYE,Invesco S&P 500 Equal Weight Energy ETF,2006-11-01,148696,14241247,472973984,112.74,US Equity,619,536,695
245,EWM,iShares MSCI Malaysia ETF,1996-03-12,491342,14228038,381327584,28.43,International Equity,440,537,733
246,CWI,State Street SPDR MSCI ACWI ex-US ETF,2007-01-10,370072,13884126,2611825152,35.43000030517578,International Equity,478,540,391
247,RPG,Invesco S&P 500 Pure Growth ETF,2006-03-01,285442,13830075,1658467072,45.71,US Equity,523,542,472
248,AOA,iShares Core 80/20 Aggressive Allocation ETF,2008-11-04,150471,13673215,2913211136,86.3,US Equity,617,543,380
249,IEZ,iShares U.S. Oil Equipment & Services ETF,2006-05-01,501804,13465554,385384800,29.809999465942383,US Equity,435,545,730
250,XES,State Street SPDR S&P Oil & Gas Equipment & Services ETF,2006-06-19,126211,13199954,441831200,119.19,Commodity,646,547,701
251,IHF,iShares U.S. Healthcare Providers ETF,2006-05-01,285042,13184981,733920768,41.03,US Equity,524,548,623
252,PLW,Invesco Equal Weight 0-30 Years Treasury ETF,2007-10-11,471140,13025118,653424320,26.975000381469727,Fixed Income,446,552,644
253,FXY,Invesco CurrencyShares Japanese Yen Trust,2007-02-12,216150,12711120,494658688,57.36,Currency,562,554,691
254,RGI,Invesco S&P 500 Equal Weight Industrials ETF,2006-11-01,202262,12327703,355330496,56.55,US Equity,572,557,747
255,PCY,Invesco Emerging Markets Sovereign Debt ETF,2007-10-11,568797,12203104,1470619008,20.59,Fixed Income,406,560,492
256,DBB,Invesco DB Base Metals Fund,2007-01-05,482647,11467015,302575840,22.9,Commodity,442,568,774
257,IAK,iShares U.S. Insurance ETF,2006-05-01,79679,10478280,423445376,125.53,US Equity,714,581,708
258,PXH,Invesco RAFI Emerging Markets ETF,2007-09-27,375969,10287999,1980352000,26.07,US Equity,477,582,432
259,EXI,iShares Global Industrials ETF,2006-09-12,53554,10155939,1279322624,176.9600067138672,US Equity,764,583,523
260,JKH,iShares Morningstar Mid-Cap Growth ETF,2004-06-28,124155,10147016,1590278016,77.0,US Equity,649,584,482
261,IYG,iShares U.S. Financial Services ETF,2000-06-12,112710,9866878,1960319616,80.12,US Equity,666,586,434
262,THD,iShares MSCI Thailand ETF,2008-03-26,148444,9825087,347865312,66.13,International Equity,620,587,748
263,FGD,First Trust Dow Jones Global Select Dividend Index Fund,2007-11-21,301665,9650546,1281260928,31.13,US Equity,512,591,522
264,NYF,iShares New York Muni Bond ETF,2007-10-04,173769,9324408,1226440192,52.92,Fixed Income,590,594,529
265,ICF,iShares Select U.S. REIT ETF,2001-01-29,141027,8812439,2106194944,60.67,Real Estate,633,599,420
266,MDYG,State Street SPDR S&P 400 Mid Cap Growth ETF,2005-11-08,88769,8692575,2638582272,94.0,US Equity,696,601,390
267,DON,WisdomTree U.S. MidCap Dividend Fund,2006-06-16,155235,8326225,3931742208,51.69,US Equity,611,607,330
268,AOK,iShares Core 30/70 Conservative Allocation ETF,2008-11-04,203616,8226736,750847168,39.35,US Equity,571,611,616
269,MDYV,State Street SPDR S&P 400 Mid Cap Value ETF,2005-11-08,93563,8195415,2553651712,83.35,US Equity,688,613,395
270,AOM,iShares Core 40/60 Moderate Allocation ETF,2008-11-04,169647,8170770,1719859200,46.65,US Equity,591,615,460
271,PEY,Invesco High Yield Equity Dividend Achievers ETF,2004-12-09,383424,8120920,1052636864,21.18,Fixed Income,473,617,559
272,IHE,iShares U.S. Pharmaceuticals ETF,2006-05-01,90982,7894472,1065273728,83.79,US Equity,694,620,553
273,EWD,iShares MSCI Sweden ETF,1996-03-12,148255,7649917,361740576,46.88,International Equity,621,622,744
274,EWN,iShares MSCI Netherlands ETF,1996-03-12,123808,7533185,327109248,55.89,International Equity,650,624,757
275,PWB,Invesco Dynamic Large Cap Growth ETF,2005-03-03,55969,7404414,1572430592,123.28,US Equity,756,626,485
276,DGS,WisdomTree Emerging Markets SmallCap Dividend Fund,2007-10-30,120352,7325167,1813873536,58.84,International Equity,655,628,447
277,QQEW,First Trust Nasdaq-100 Select Equal Weight ETF,2006-04-19,52213,7071478,1716837632,123.28,US Equity,767,630,461
278,FXR,First Trust Industrials/Producer Durables AlphaDEX Fund,2007-05-08,83331,6764811,769008832,81.18,US Equity,705,634,608
279,KXI,iShares Global Consumer Staples ETF,2006-09-12,97843,6752406,1054519936,66.5,US Equity,685,635,558
280,FDD,First Trust STOXX European Select Dividend Index Fund,2007-08-27,360753,6531237,870056128,17.110000610351562,US Equity,483,639,582
281,FIW,First Trust Water ETF,2007-05-08,54995,6084822,1977268352,101.12000274658203,US Equity,760,648,433
282,IXP,iShares Global Comm Services ETF,2001-11-12,50879,6078662,653965376,111.0,International Equity,771,649,643
283,PWZ,Invesco California AMT-Free Municipal Bond ETF,2007-10-11,235082,5651419,1099858560,23.729999542236328,Fixed Income,548,662,548
284,REZ,iShares Residential and Multisector Real Estate ETF,2007-05-01,67736,5617346,846077312,82.93,Real Estate,731,663,590
285,XPH,State Street SPDR S&P Pharmaceuticals ETF,2006-06-19,102693,5482779,327365824,53.39,US Equity,681,664,756
286,DJP,iPath Bloomberg Commodity Index Total Return(SM) ETN,2006-06-06,127034,5436547,856925824,47.73,Commodity,643,666,587
287,PIZ,Invesco Dorsey Wright Developed Markets Momentum ETF,2007-12-28,103968,5432462,741765248,47.73,International Equity,677,667,619
288,IXG,iShares Global Financials ETF,2001-11-12,45090,5317640,630928448,110.02999877929688,International Equity,788,670,654
289,MLN,VanEck Long Muni ETF,2008-01-02,291779,5109913,652198592,17.3,Fixed Income,518,680,645
290,PNQI,Invesco NASDAQ Internet ETF,2008-06-12,103430,5098429,577977536,42.900001525878906,US Equity,679,681,667
291,PHO,Invesco Water Resources ETF,2005-12-06,68324,4834446,2157876224,65.49,US Equity,730,686,415
292,PRFZ,Invesco RAFI US 1500 Small-Mid ETF,2006-09-20,104468,4788291,2736197376,45.84,US Equity,675,687,387
293,RWJ,Invesco S&P SmallCap 600 Revenue ETF,2008-02-19,92230,4753246,1703414016,49.529998779296875,US Equity,693,688,465
294,QCLN,First Trust NASDAQ Clean Edge Green Energy Index Fund,2007-02-08,93413,4537401,576324544,45.54,US Equity,689,699,669
295,WIP,SPDR FTSE International Government Inflation-Protected Bond ETF,2008-03-13,108956,4380848,412437440,39.11,Fixed Income,669,707,718
296,DES,WisdomTree U.S. SmallCap Dividend Fund,2006-06-16,121450,4350722,2004890752,35.41,US Equity,654,708,428
297,PJP,Invesco Pharmaceuticals ETF,2005-06-23,40355,4259541,418420832,99.78,US Equity,795,713,713
298,DFJ,WisdomTree Japan SmallCap Dividend Fund,2006-06-16,39706,3969806,453296640,99.98,International Equity,799,722,699
299,PWV,Invesco Dynamic Large Cap Value ETF,2005-03-03,57339,3929995,1368167168,68.45,US Equity,749,725,509
300,FXZ,First Trust Materials AlphaDEX Fund,2007-05-08,52501,3864074,347618016,73.6,US Equity,765,729,750
301,FTA,First Trust Large Cap Value AlphaDEX Fund,2007-05-08,40182,3648414,1291870208,91.59,US Equity,796,740,519
302,DTH,WisdomTree International High Dividend Fund,2006-06-16,65064,3532285,671310720,52.380001068115234,US Equity,734,743,638
303,RHS,Invesco S&P 500 Equal Weight Consumer Staples ETF,2006-11-01,114101,3524165,1020407936,29.58,US Equity,664,744,563
304,DLS,WisdomTree International SmallCap Dividend Fund,2006-06-16,40176,3391491,1088365952,79.28,International Equity,797,748,551
305,RYU,Invesco S&P 500 Equal Weight Utilities ETF,2006-11-01,42735,3316625,381053632,80.36,US Equity,791,752,734
306,JKK,iShares Morningstar Small-Cap Growth ETF,2004-06-28,51584,2957482,858093120,53.65,US Equity,769,760,586
307,GWX,State Street SPDR S&P International Small Cap ETF,2007-04-20,63161,2756079,918732416,41.22999954223633,International Equity,738,766,573
308,WOOD,iShares Global Timber & Forestry ETF,2008-06-24,39659,2742222,300459776,69.14,Commodity,800,768,775
309,RYH,Invesco S&P 500 Equal Weight Health Care ETF,2006-11-01,82538,2661229,960695168,29.59,US Equity,707,775,568
310,RWO,State Street SPDR Dow Jones Global Real Estate ETF,2008-05-07,56475,2618374,1239003520,44.869998931884766,Real Estate,753,779,524
311,PGF,Invesco Financial Preferred ETF,2006-12-01,174990,2414862,740870848,13.8,Fixed Income,589,799,620
